<?xml version="1.0" encoding="UTF-8" standalone="yes"?>
<Content>
    <Views>
        <ViewDef id="a44d5d96-e065-4bd9-83d6-5ef83ef1fe33">
            <Title>Operations Performance Virtual machines OS Distribution</Title>
            <Description>Operations Performance Virtual machines OS Distribution</Description>
            <SubjectType adapterKind="VMWARE" resourceKind="VirtualMachine" type="descendant"/>
            <Usage>dashboard</Usage>
            <Usage>report</Usage>
            <Usage>details</Usage>
            <Usage>content</Usage>
            <Controls>
                <Control id="time-interval-selector_id_250" type="time-interval-selector" visible="false">
                    <Property name="advancedTimeMode" value="false"/>
                    <Property name="unit" value="DAYS"/>
                    <Property name="count" value="7"/>
                </Control>
                <Control id="attributes-selector_id_251" type="attributes-selector" visible="false">
                    <Property name="attributeInfos">
                        <List>
                            <Item>
<Value>
    <Property name="objectType" value="RESOURCE"/>
    <Property name="attributeKey" value="summary|guest|fullName"/>
    <Property name="isStringAttribute" value="true"/>
    <Property name="adapterKind" value="VMWARE"/>
    <Property name="resourceKind" value="VirtualMachine"/>
    <Property name="rollUpType" value="AVG"/>
    <Property name="rollUpCount" value="0"/>
    <Property name="isProperty" value="true"/>
    <Property name="displayName" value="Guest Operating System"/>
</Value>
                            </Item>
                        </List>
                    </Property>
                </Control>
                <Control id="buckets-control_id_252" type="buckets-control" visible="false">
                    <Property name="dynamicCalcFunction" value="DISCRETE"/>
                    <Property name="isDynamic" value="true"/>
                </Control>
                <Control id="metadata_id_253" type="metadata" visible="false">
                    <Property name="maxPointsCount" value="5000"/>
                    <Property name="hideObjectNameColumn" value="false"/>
                    <Property name="listTopResultSize" value="-1"/>
                </Control>
            </Controls>
            <DataProviders>
                <DataProvider dataType="distribution-view" id="distribution-view_id_249"/>
            </DataProviders>
            <Presentation type="pie-chart"/>
        </ViewDef>
    </Views>
</Content>
