{
   "dashboards": [{
      "autoswitchEnabled": false,
      "columnCount": 1,
      "columnProportion": "1-1",
      "creationTime": 1541605664802,
      "description": "VM CPU Top Performance",
      "disabled": false,
      "gridsterMaxColumns": 12,
      "hidden": false,
      "homeTab": false,
      "id": "d97d21ec-e1e3-4f80-8b6b-5bc272faad6f",
      "importAttempts": 0,
      "importComplete": true,
      "isDefault": false,
      "locked": false,
      "name": "Operations Performance/VM CPU Top Performance",
      "namePath": "Operations Performance",
      "rank": 81,
      "shared": false,
      "temporary": false,
      "userId": "d78b75ee-4faa-4f03-aa33-e716b473105a",
      "widgets": [
         {
            "collapsed": false,
            "config": {
               "additionalColumns": [],
               "additionalColumns_resource": [],
               "barsCount": 10,
               "depth": 10,
               "filterMode": "tagFilter",
               "filterOldMetrics": {"filterOldMetrics": false},
               "metricOption": {
                  "metricInfo": {
                     "path": ["/source/GROUP_cpu/cpu|demandPct"],
                     "value": "cpu|demandPct"
                  },
                  "resourceKindId": ["resourceKind:id:0_::_"],
                  "tagFilter": null,
                  "value": {"metricOption": "metricsHighestUtilization"}
               },
               "mode": "metric",
               "refreshContent": {"refreshContent": false},
               "refreshInterval": 300,
               "regenerationTime": 15,
               "roundDecimals": 1,
               "selfProvider": {"selfProvider": true},
               "tagOption": {
                  "tagFilter": null,
                  "value": {"tagOption": "leastHealthyApplications"}
               },
               "title": "Top-10 VM CPU Workload Demand %"
            },
            "gridsterCoords": {
               "h": 9,
               "w": 4,
               "x": 1,
               "y": 1
            },
            "height": 495,
            "id": "8a8f7aea-dbe0-4b8b-a687-eecac136194a",
            "states": [{
               "key": "perm_toolbarVisible_widget_d97d21ec-e1e3-4f80-8b6b-5bc272faad6f_8a8f7aea-dbe0-4b8b-a687-eecac136194a",
               "value": "b%3A0"
            }],
            "title": "Top-10 VM CPU Workload Demand %",
            "type": "ParetoAnalysis"
         },
         {
            "collapsed": false,
            "config": {
               "additionalColumns": [],
               "additionalColumns_resource": [],
               "barsCount": 10,
               "depth": 10,
               "filterMode": "tagFilter",
               "filterOldMetrics": {"filterOldMetrics": false},
               "metricOption": {
                  "metricInfo": {
                     "path": ["/source/GROUP_cpu/cpu|usage_average"],
                     "value": "cpu|usage_average"
                  },
                  "resourceKindId": ["resourceKind:id:0_::_"],
                  "tagFilter": null,
                  "value": {"metricOption": "metricsHighestUtilization"}
               },
               "mode": "metric",
               "refreshContent": {"refreshContent": false},
               "refreshInterval": 300,
               "regenerationTime": 15,
               "roundDecimals": 1,
               "selfProvider": {"selfProvider": true},
               "tagOption": {
                  "tagFilter": null,
                  "value": {"tagOption": "leastHealthyApplications"}
               },
               "title": "Top-10 VM CPU Workload Usage %"
            },
            "gridsterCoords": {
               "h": 9,
               "w": 4,
               "x": 5,
               "y": 1
            },
            "height": 495,
            "id": "deafc33e-7eaf-4d99-9a8d-a5ef18dfacfb",
            "title": "Top-10 VM CPU Workload Usage %",
            "type": "ParetoAnalysis"
         },
         {
            "collapsed": false,
            "config": {
               "additionalColumns": [],
               "additionalColumns_resource": [],
               "barsCount": 10,
               "depth": 10,
               "filterMode": "tagFilter",
               "filterOldMetrics": {"filterOldMetrics": false},
               "metricOption": {
                  "metricInfo": {
                     "path": ["/source/GROUP_cpu/cpu|capacity_contentionPct"],
                     "value": "cpu|capacity_contentionPct"
                  },
                  "resourceKindId": ["resourceKind:id:0_::_"],
                  "tagFilter": null,
                  "value": {"metricOption": "metricsHighestUtilization"}
               },
               "mode": "metric",
               "refreshContent": {"refreshContent": false},
               "refreshInterval": 300,
               "regenerationTime": 15,
               "roundDecimals": 1,
               "selfProvider": {"selfProvider": true},
               "tagOption": {
                  "tagFilter": null,
                  "value": {"tagOption": "leastHealthyApplications"}
               },
               "title": "Top-10 VM CPU Contention %"
            },
            "gridsterCoords": {
               "h": 9,
               "w": 4,
               "x": 9,
               "y": 1
            },
            "height": 495,
            "id": "b8cf3588-f2c5-4727-bfc8-b0827e62f77b",
            "title": "Top-10 VM CPU Contention %",
            "type": "ParetoAnalysis"
         },
         {
            "collapsed": false,
            "config": {
               "additionalColumns": [],
               "additionalColumns_resource": [],
               "barsCount": 10,
               "depth": 10,
               "filterMode": "tagFilter",
               "filterOldMetrics": {"filterOldMetrics": false},
               "metricOption": {
                  "metricInfo": {
                     "path": ["/source/GROUP_cpu/cpu|costopPct"],
                     "value": "cpu|costopPct"
                  },
                  "resourceKindId": ["resourceKind:id:0_::_"],
                  "tagFilter": null,
                  "value": {"metricOption": "metricsHighestUtilization"}
               },
               "mode": "metric",
               "refreshContent": {"refreshContent": false},
               "refreshInterval": 300,
               "regenerationTime": 15,
               "roundDecimals": 1,
               "selfProvider": {"selfProvider": true},
               "tagOption": {
                  "tagFilter": null,
                  "value": {"tagOption": "leastHealthyApplications"}
               },
               "title": "Top-10 VM CPU Co-stop %"
            },
            "gridsterCoords": {
               "h": 6,
               "w": 4,
               "x": 5,
               "y": 10
            },
            "height": 324,
            "id": "79aaf911-acf7-42a6-bc26-48907c7364e9",
            "title": "Top-10 VM CPU Co-stop %",
            "type": "ParetoAnalysis"
         },
         {
            "collapsed": false,
            "config": {
               "additionalColumns": [],
               "additionalColumns_resource": [],
               "barsCount": 10,
               "depth": 10,
               "filterMode": "tagFilter",
               "filterOldMetrics": {"filterOldMetrics": false},
               "metricOption": {
                  "metricInfo": {
                     "path": ["/source/GROUP_cpu/cpu|readyPct"],
                     "value": "cpu|readyPct"
                  },
                  "resourceKindId": ["resourceKind:id:0_::_"],
                  "tagFilter": null,
                  "value": {"metricOption": "metricsHighestUtilization"}
               },
               "mode": "metric",
               "refreshContent": {"refreshContent": false},
               "refreshInterval": 300,
               "regenerationTime": 15,
               "roundDecimals": 1,
               "selfProvider": {"selfProvider": true},
               "tagOption": {
                  "tagFilter": null,
                  "value": {"tagOption": "leastHealthyApplications"}
               },
               "title": "Top-10 VM CPU ready %"
            },
            "gridsterCoords": {
               "h": 6,
               "w": 4,
               "x": 1,
               "y": 10
            },
            "height": 324,
            "id": "a86025b9-3422-4903-86c3-126d4d80e01a",
            "title": "Top-10 VM CPU ready %",
            "type": "ParetoAnalysis"
         },
         {
            "collapsed": false,
            "config": {
               "additionalColumns": [],
               "additionalColumns_resource": [],
               "barsCount": 10,
               "depth": 10,
               "filterMode": "tagFilter",
               "filterOldMetrics": {"filterOldMetrics": false},
               "metricOption": {
                  "metricInfo": {
                     "path": ["/source/GROUP_cpu/cpu|iowaitPct"],
                     "value": "cpu|iowaitPct"
                  },
                  "resourceKindId": ["resourceKind:id:0_::_"],
                  "tagFilter": null,
                  "value": {"metricOption": "metricsHighestUtilization"}
               },
               "mode": "metric",
               "refreshContent": {"refreshContent": false},
               "refreshInterval": 300,
               "regenerationTime": 15,
               "roundDecimals": 1,
               "selfProvider": {"selfProvider": true},
               "tagOption": {
                  "tagFilter": null,
                  "value": {"tagOption": "leastHealthyApplications"}
               },
               "title": "Top-10 VM CPU IO-Wait %"
            },
            "gridsterCoords": {
               "h": 6,
               "w": 4,
               "x": 9,
               "y": 10
            },
            "height": 324,
            "id": "4a3ed107-2039-4004-82b1-3347506a1642",
            "title": "Top-10 VM CPU IO-Wait %",
            "type": "ParetoAnalysis"
         }
      ]
   }],
   "entries": {"resourceKind": [{
      "adapterKindKey": "VMWARE",
      "internalId": "resourceKind:id:0_::_",
      "resourceKindKey": "VirtualMachine"
   }]},
   "uuid": "adfce61b-dfec-4c27-8491-515c31c40c3f"
}