{
   "dashboards": [{
      "autoswitchEnabled": false,
      "columnCount": 1,
      "columnProportion": "1-1",
      "creationTime": 1541688841957,
      "description": "Host CPU Top Performance",
      "disabled": false,
      "gridsterMaxColumns": 12,
      "hidden": false,
      "homeTab": false,
      "id": "aa018ffc-6fd7-40b8-b7fd-4d560dfe8a1f",
      "importAttempts": 0,
      "importComplete": true,
      "isDefault": false,
      "locked": false,
      "name": "Operations Performance/Host CPU Top Performance",
      "namePath": "Operations Performance",
      "rank": 85,
      "shared": false,
      "temporary": false,
      "userId": "d78b75ee-4faa-4f03-aa33-e716b473105a",
      "widgets": [
         {
            "collapsed": false,
            "config": {
               "additionalColumns": [],
               "additionalColumns_resource": [],
               "barsCount": 10,
               "depth": 10,
               "filterMode": "tagFilter",
               "filterOldMetrics": {"filterOldMetrics": false},
               "metricOption": {
                  "metricInfo": {
                     "path": ["/source/GROUP_cpu/cpu|demandPct"],
                     "value": "cpu|demandPct"
                  },
                  "resourceKindId": ["resourceKind:id:0_::_"],
                  "tagFilter": null,
                  "value": {"metricOption": "metricsHighestUtilization"}
               },
               "mode": "metric",
               "refreshContent": {"refreshContent": false},
               "refreshInterval": 300,
               "regenerationTime": 15,
               "roundDecimals": 1,
               "selfProvider": {"selfProvider": true},
               "tagOption": {
                  "tagFilter": null,
                  "value": {"tagOption": "leastHealthyApplications"}
               },
               "title": "Top-10 HOST CPU Workload Demand %"
            },
            "gridsterCoords": {
               "h": 9,
               "w": 4,
               "x": 1,
               "y": 1
            },
            "height": 495,
            "id": "d2ed4936-d2a7-4970-80a5-9f97193655e5",
            "states": [{
               "key": "perm_toolbarVisible_widget_aa018ffc-6fd7-40b8-b7fd-4d560dfe8a1f_d2ed4936-d2a7-4970-80a5-9f97193655e5",
               "value": "b%3A1"
            }],
            "title": "Top-10 HOST CPU Workload Demand %",
            "type": "ParetoAnalysis"
         },
         {
            "collapsed": false,
            "config": {
               "additionalColumns": [],
               "additionalColumns_resource": [],
               "barsCount": 10,
               "depth": 10,
               "filterMode": "tagFilter",
               "filterOldMetrics": {"filterOldMetrics": false},
               "metricOption": {
                  "metricInfo": {
                     "path": ["/source/GROUP_cpu/cpu|usage_average"],
                     "value": "cpu|usage_average"
                  },
                  "resourceKindId": ["resourceKind:id:0_::_"],
                  "tagFilter": null,
                  "value": {"metricOption": "metricsHighestUtilization"}
               },
               "mode": "metric",
               "refreshContent": {"refreshContent": false},
               "refreshInterval": 300,
               "regenerationTime": 15,
               "roundDecimals": 1,
               "selfProvider": {"selfProvider": true},
               "tagOption": {
                  "tagFilter": null,
                  "value": {"tagOption": "leastHealthyApplications"}
               },
               "title": "Top-10 HOST CPU Workload Usage %"
            },
            "gridsterCoords": {
               "h": 9,
               "w": 4,
               "x": 5,
               "y": 1
            },
            "height": 495,
            "id": "d2ba8504-9ab3-44a2-ac93-9e146904d38f",
            "title": "Top-10 HOST CPU Workload Usage %",
            "type": "ParetoAnalysis"
         },
         {
            "collapsed": false,
            "config": {
               "additionalColumns": [],
               "additionalColumns_resource": [],
               "barsCount": 10,
               "depth": 10,
               "filterMode": "tagFilter",
               "filterOldMetrics": {"filterOldMetrics": false},
               "metricOption": {
                  "metricInfo": {
                     "path": ["/source/GROUP_cpu/cpu|capacity_contentionPct"],
                     "value": "cpu|capacity_contentionPct"
                  },
                  "resourceKindId": ["resourceKind:id:0_::_"],
                  "tagFilter": null,
                  "value": {"metricOption": "metricsHighestUtilization"}
               },
               "mode": "metric",
               "refreshContent": {"refreshContent": false},
               "refreshInterval": 300,
               "regenerationTime": 15,
               "roundDecimals": 1,
               "selfProvider": {"selfProvider": true},
               "tagOption": {
                  "tagFilter": null,
                  "value": {"tagOption": "leastHealthyApplications"}
               },
               "title": "Top-10 HOST CPU Contention %"
            },
            "gridsterCoords": {
               "h": 9,
               "w": 4,
               "x": 9,
               "y": 1
            },
            "height": 495,
            "id": "fdc03982-ec46-425f-829f-7c1ad6c2ce31",
            "title": "Top-10 HOST CPU Contention %",
            "type": "ParetoAnalysis"
         },
         {
            "collapsed": false,
            "config": {
               "additionalColumns": [],
               "additionalColumns_resource": [],
               "barsCount": 10,
               "depth": 10,
               "filterMode": "tagFilter",
               "filterOldMetrics": {"filterOldMetrics": false},
               "metricOption": {
                  "metricInfo": {
                     "path": ["/source/GROUP_cpu/cpu|costop_summation"],
                     "value": "cpu|costop_summation"
                  },
                  "resourceKindId": ["resourceKind:id:0_::_"],
                  "tagFilter": null,
                  "value": {"metricOption": "metricsHighestUtilization"}
               },
               "mode": "metric",
               "refreshContent": {"refreshContent": false},
               "refreshInterval": 300,
               "regenerationTime": 15,
               "roundDecimals": 1,
               "selfProvider": {"selfProvider": true},
               "tagOption": {
                  "tagFilter": null,
                  "value": {"tagOption": "leastHealthyApplications"}
               },
               "title": "Top-10 HOST CPU Co-stop (ms)"
            },
            "gridsterCoords": {
               "h": 6,
               "w": 4,
               "x": 5,
               "y": 10
            },
            "height": 324,
            "id": "5e5e4d89-7f9c-4bbe-8747-99255c09046e",
            "title": "Top-10 HOST CPU Co-stop (ms)",
            "type": "ParetoAnalysis"
         },
         {
            "collapsed": false,
            "config": {
               "additionalColumns": [],
               "additionalColumns_resource": [],
               "barsCount": 10,
               "depth": 10,
               "filterMode": "tagFilter",
               "filterOldMetrics": {"filterOldMetrics": false},
               "metricOption": {
                  "metricInfo": {
                     "path": ["/source/GROUP_cpu/cpu|ready_summation"],
                     "value": "cpu|ready_summation"
                  },
                  "resourceKindId": ["resourceKind:id:0_::_"],
                  "tagFilter": null,
                  "value": {"metricOption": "metricsHighestUtilization"}
               },
               "mode": "metric",
               "refreshContent": {"refreshContent": false},
               "refreshInterval": 300,
               "regenerationTime": 15,
               "roundDecimals": 1,
               "selfProvider": {"selfProvider": true},
               "tagOption": {
                  "tagFilter": null,
                  "value": {"tagOption": "leastHealthyApplications"}
               },
               "title": "Top-10 HOST CPU ready (ms)"
            },
            "gridsterCoords": {
               "h": 6,
               "w": 4,
               "x": 1,
               "y": 10
            },
            "height": 324,
            "id": "a69af047-f9c1-41b1-b5af-1cc84c1923ec",
            "title": "Top-10 HOST CPU ready (ms)",
            "type": "ParetoAnalysis"
         },
         {
            "collapsed": false,
            "config": {
               "additionalColumns": [],
               "additionalColumns_resource": [],
               "barsCount": 10,
               "depth": 10,
               "filterMode": "tagFilter",
               "filterOldMetrics": {"filterOldMetrics": false},
               "metricOption": {
                  "metricInfo": {
                     "path": ["/source/GROUP_cpu/cpu|iowait"],
                     "value": "cpu|iowait"
                  },
                  "resourceKindId": ["resourceKind:id:0_::_"],
                  "tagFilter": null,
                  "value": {"metricOption": "metricsHighestUtilization"}
               },
               "mode": "metric",
               "refreshContent": {"refreshContent": false},
               "refreshInterval": 300,
               "regenerationTime": 15,
               "roundDecimals": 1,
               "selfProvider": {"selfProvider": true},
               "tagOption": {
                  "tagFilter": null,
                  "value": {"tagOption": "leastHealthyApplications"}
               },
               "title": "Top-10 HOST CPU IO-Wait (ms)"
            },
            "gridsterCoords": {
               "h": 6,
               "w": 4,
               "x": 9,
               "y": 10
            },
            "height": 324,
            "id": "d25a1e0f-7108-4a14-872c-851ca1c1497a",
            "title": "Top-10 HOST CPU IO-Wait (ms)",
            "type": "ParetoAnalysis"
         }
      ]
   }],
   "entries": {"resourceKind": [{
      "adapterKindKey": "VMWARE",
      "internalId": "resourceKind:id:0_::_",
      "resourceKindKey": "HostSystem"
   }]},
   "uuid": "ab5818e6-52e8-4587-87e9-ff3a4c7aecc9"
}