{
   "dashboards": [{
      "autoswitchEnabled": false,
      "columnCount": 1,
      "columnProportion": "1",
      "creationTime": 1541688900665,
      "description": "Host Disk Top Performance",
      "disabled": false,
      "gridsterMaxColumns": 12,
      "hidden": false,
      "homeTab": false,
      "id": "ac28d885-9051-4964-8301-643aa903d58f",
      "importAttempts": 0,
      "importComplete": true,
      "isDefault": false,
      "locked": false,
      "name": "Operations Performance/Host Disk Top Performance",
      "namePath": "Operations Performance",
      "rank": 88,
      "shared": false,
      "temporary": false,
      "userId": "d78b75ee-4faa-4f03-aa33-e716b473105a",
      "widgets": [
         {
            "collapsed": false,
            "config": {
               "additionalColumns": [],
               "additionalColumns_resource": [],
               "barsCount": 10,
               "depth": 10,
               "filterMode": "tagFilter",
               "filterOldMetrics": {"filterOldMetrics": false},
               "metricOption": {
                  "metricInfo": {
                     "path": ["/source/GROUP_datastore/GROUP_datastore:Aggregate of all instances/datastore:Aggregate of all instances|totalReadLatency_average"],
                     "value": "datastore:Aggregate of all instances|totalReadLatency_average"
                  },
                  "resourceKindId": ["resourceKind:id:0_::_"],
                  "tagFilter": null,
                  "value": {"metricOption": "metricsHighestUtilization"}
               },
               "mode": "metric",
               "refreshContent": {"refreshContent": false},
               "refreshInterval": 300,
               "regenerationTime": 15,
               "roundDecimals": 1,
               "selfProvider": {"selfProvider": true},
               "tagOption": {
                  "tagFilter": null,
                  "value": {"tagOption": "leastHealthyApplications"}
               },
               "title": "Top-10 HOST Disk Read Latency (ms)"
            },
            "gridsterCoords": {
               "h": 8,
               "w": 4,
               "x": 1,
               "y": 1
            },
            "height": 438,
            "id": "7a7fda61-e0aa-451e-8e41-a7d860642d72",
            "title": "Top-10 HOST Disk Read Latency (ms)",
            "type": "ParetoAnalysis"
         },
         {
            "collapsed": false,
            "config": {
               "additionalColumns": [],
               "additionalColumns_resource": [],
               "barsCount": 10,
               "depth": 10,
               "filterMode": "tagFilter",
               "filterOldMetrics": {"filterOldMetrics": false},
               "metricOption": {
                  "metricInfo": {
                     "path": ["/source/GROUP_datastore/GROUP_datastore:Aggregate of all instances/datastore:Aggregate of all instances|totalWriteLatency_average"],
                     "value": "datastore:Aggregate of all instances|totalWriteLatency_average"
                  },
                  "resourceKindId": ["resourceKind:id:0_::_"],
                  "tagFilter": null,
                  "value": {"metricOption": "metricsHighestUtilization"}
               },
               "mode": "metric",
               "refreshContent": {"refreshContent": false},
               "refreshInterval": 300,
               "regenerationTime": 15,
               "roundDecimals": 1,
               "selfProvider": {"selfProvider": true},
               "tagOption": {
                  "tagFilter": null,
                  "value": {"tagOption": "leastHealthyApplications"}
               },
               "title": "Top-10 HOST Disk Write Latency (ms)"
            },
            "gridsterCoords": {
               "h": 8,
               "w": 4,
               "x": 5,
               "y": 1
            },
            "height": 438,
            "id": "2161a143-cc5f-4716-b283-1c30fd211ba4",
            "states": [{
               "key": "perm_toolbarVisible_widget_ac28d885-9051-4964-8301-643aa903d58f_2161a143-cc5f-4716-b283-1c30fd211ba4",
               "value": "b%3A1"
            }],
            "title": "Top-10 HOST Disk Write Latency (ms)",
            "type": "ParetoAnalysis"
         },
         {
            "collapsed": false,
            "config": {
               "additionalColumns": [],
               "additionalColumns_resource": [],
               "barsCount": 10,
               "depth": 10,
               "filterMode": "tagFilter",
               "filterOldMetrics": {"filterOldMetrics": false},
               "metricOption": {
                  "metricInfo": {
                     "path": ["/source/GROUP_datastore/GROUP_datastore:Aggregate of all instances/datastore:Aggregate of all instances|commandsAveraged_average"],
                     "value": "datastore:Aggregate of all instances|commandsAveraged_average"
                  },
                  "resourceKindId": ["resourceKind:id:0_::_"],
                  "tagFilter": null,
                  "value": {"metricOption": "metricsHighestUtilization"}
               },
               "mode": "metric",
               "refreshContent": {"refreshContent": false},
               "refreshInterval": 300,
               "regenerationTime": 15,
               "roundDecimals": 1,
               "selfProvider": {"selfProvider": true},
               "tagOption": {
                  "tagFilter": null,
                  "value": {"tagOption": "leastHealthyApplications"}
               },
               "title": "Top-10 HOST Disk Total IOPS"
            },
            "gridsterCoords": {
               "h": 7,
               "w": 4,
               "x": 1,
               "y": 9
            },
            "height": 381,
            "id": "40b3afdb-c822-428b-b33d-4fa9922ed649",
            "states": [{
               "key": "perm_toolbarVisible_widget_ac28d885-9051-4964-8301-643aa903d58f_40b3afdb-c822-428b-b33d-4fa9922ed649",
               "value": "b%3A1"
            }],
            "title": "Top-10 HOST Disk Total IOPS",
            "type": "ParetoAnalysis"
         },
         {
            "collapsed": false,
            "config": {
               "additionalColumns": [],
               "additionalColumns_resource": [],
               "barsCount": 10,
               "depth": 10,
               "filterMode": "tagFilter",
               "filterOldMetrics": {"filterOldMetrics": false},
               "metricOption": {
                  "metricInfo": {
                     "path": ["/source/GROUP_datastore/GROUP_datastore:Aggregate of all instances/datastore:Aggregate of all instances|totalLatency_average"],
                     "value": "datastore:Aggregate of all instances|totalLatency_average"
                  },
                  "resourceKindId": ["resourceKind:id:0_::_"],
                  "tagFilter": null,
                  "value": {"metricOption": "metricsHighestUtilization"}
               },
               "mode": "metric",
               "refreshContent": {"refreshContent": false},
               "refreshInterval": 300,
               "regenerationTime": 15,
               "roundDecimals": 1,
               "selfProvider": {"selfProvider": true},
               "tagOption": {
                  "tagFilter": null,
                  "value": {"tagOption": "leastHealthyApplications"}
               },
               "title": "Top-10 HOST Disk Total Latency (ms)"
            },
            "gridsterCoords": {
               "h": 8,
               "w": 4,
               "x": 9,
               "y": 1
            },
            "height": 438,
            "id": "329f5ffa-1a15-4d5d-b158-b0a5bb58785e",
            "states": [{
               "key": "perm_toolbarVisible_widget_ac28d885-9051-4964-8301-643aa903d58f_329f5ffa-1a15-4d5d-b158-b0a5bb58785e",
               "value": "b%3A1"
            }],
            "title": "Top-10 HOST Disk Total Latency (ms)",
            "type": "ParetoAnalysis"
         },
         {
            "collapsed": false,
            "config": {
               "configs": [{
                  "attributeKind": {"value": ""},
                  "color": {"thresholds": {
                     "colors": [
                        "#00ff00",
                        "#888800",
                        "#ff0000"
                     ],
                     "values": [
                        0,
                        50,
                        100
                     ]
                  }},
                  "colorBy": {
                     "metricKey": "datastore:Aggregate of all instances|totalLatency_average",
                     "value": "Datastore:Aggregate of all instances|Total Latency (ms)"
                  },
                  "focusOnGroups": true,
                  "groupBy": {
                     "id": "004null002006VMWAREVMwareAdapter Instance",
                     "originalText": "vCenter Server",
                     "parentId": "VMWARE",
                     "parentText": "vCenter Adapter",
                     "text": "vCenter Server",
                     "type": "resourceKind",
                     "typeId": "resourceKind:id:1_::_"
                  },
                  "mode": {"mode": false},
                  "name": "Host  DataStore Latency",
                  "relationalGrouping": false,
                  "resourceKind": "resourceKind:id:0_::_",
                  "sizeBy": {
                     "metricKey": "datastore:Aggregate of all instances|commandsAveraged_average",
                     "value": "Datastore:Aggregate of all instances|Total IOPS"
                  },
                  "solidColoring": false,
                  "tagFilter": null,
                  "thenBy": null
               }],
               "refreshContent": {"refreshContent": false},
               "refreshInterval": 300,
               "title": "HOST Disk Total Latency",
               "value": 0
            },
            "gridsterCoords": {
               "h": 7,
               "w": 8,
               "x": 5,
               "y": 9
            },
            "height": 381,
            "id": "13409b99-5d76-4a06-bb85-30f8ebfbc132",
            "states": [{
               "key": "perm_HeatMap_widget_ac28d885-9051-4964-8301-643aa903d58f_13409b99-5d76-4a06-bb85-30f8ebfbc132",
               "value": "o%3A"
            }],
            "title": "HOST Disk Total Latency",
            "type": "Heatmap"
         }
      ]
   }],
   "entries": {"resourceKind": [
      {
         "adapterKindKey": "VMWARE",
         "internalId": "resourceKind:id:0_::_",
         "resourceKindKey": "HostSystem"
      },
      {
         "adapterKindKey": "VMWARE",
         "internalId": "resourceKind:id:1_::_",
         "resourceKindKey": "VMwareAdapter Instance"
      }
   ]},
   "uuid": "b16fd3f1-a4d5-43da-9525-321f5a96c70d"
}