{
   "dashboards": [{
      "autoswitchEnabled": false,
      "columnCount": 1,
      "columnProportion": "1",
      "creationTime": 1541779016581,
      "dashboardNavigations": {},
      "description": "Datastores Performance",
      "disabled": false,
      "gridsterMaxColumns": 12,
      "hidden": false,
      "homeTab": false,
      "id": "3bae4365-736b-48cb-b8d0-8bf19567252f",
      "importAttempts": 0,
      "importComplete": true,
      "isDefault": false,
      "locked": false,
      "name": "Operations Performance/Datastores Performance",
      "namePath": "Operations Performance",
      "rank": 92,
      "shared": false,
      "temporary": false,
      "userId": "d78b75ee-4faa-4f03-aa33-e716b473105a",
      "widgetInteractions": [
         {
            "type": "resourceId",
            "widgetIdProvider": "25c7ad25-f44f-49d3-ade7-c9b0841b61a0",
            "widgetIdReceiver": "5117f12b-8580-4631-b45b-4ab2468c2293"
         },
         {
            "type": "resourceId",
            "widgetIdProvider": "25c7ad25-f44f-49d3-ade7-c9b0841b61a0",
            "widgetIdReceiver": "c30abd1b-79dc-42c9-8098-2139c515fce6"
         }
      ],
      "widgets": [
         {
            "collapsed": false,
            "config": {
               "additionalColumns": [],
               "additionalColumns_resource": [],
               "barsCount": 10,
               "depth": 10,
               "filterMode": "tagFilter",
               "filterOldMetrics": {"filterOldMetrics": false},
               "metricOption": {
                  "metricInfo": {
                     "path": ["/source/GROUP_capacity/capacity|usedSpacePct"],
                     "value": "capacity|usedSpacePct"
                  },
                  "resourceKindId": ["resourceKind:id:0_::_"],
                  "tagFilter": null,
                  "value": {"metricOption": "metricsHighestUtilization"}
               },
               "mode": "metric",
               "refreshContent": {"refreshContent": false},
               "refreshInterval": 300,
               "regenerationTime": 15,
               "roundDecimals": 1,
               "selfProvider": {"selfProvider": true},
               "tagOption": {
                  "tagFilter": null,
                  "value": {"tagOption": "leastHealthyApplications"}
               },
               "title": "Top-10 Datastore Disk Space % Utilization"
            },
            "gridsterCoords": {
               "h": 9,
               "w": 4,
               "x": 1,
               "y": 1
            },
            "height": 495,
            "id": "25c7ad25-f44f-49d3-ade7-c9b0841b61a0",
            "title": "Top-10 Datastore Disk Space % Utilization",
            "type": "ParetoAnalysis"
         },
         {
            "collapsed": false,
            "config": {
               "additionalColumns": [],
               "additionalColumns_resource": [],
               "barsCount": 10,
               "depth": 10,
               "filterMode": "tagFilter",
               "filterOldMetrics": {"filterOldMetrics": false},
               "metricOption": {
                  "metricInfo": {
                     "path": ["/source/GROUP_capacity/capacity|used_space"],
                     "value": "capacity|used_space"
                  },
                  "resourceKindId": ["resourceKind:id:0_::_"],
                  "tagFilter": null,
                  "value": {"metricOption": "metricsHighestUtilization"}
               },
               "mode": "metric",
               "refreshContent": {"refreshContent": false},
               "refreshInterval": 300,
               "regenerationTime": 15,
               "roundDecimals": 1,
               "selfProvider": {"selfProvider": true},
               "tagOption": {
                  "tagFilter": null,
                  "value": {"tagOption": "leastHealthyApplications"}
               },
               "title": "Top-10 Datastore Disk Space Utilization G.B"
            },
            "gridsterCoords": {
               "h": 9,
               "w": 4,
               "x": 5,
               "y": 1
            },
            "height": 495,
            "id": "88e5d21c-fd22-4d27-a7d6-540b02259ea4",
            "title": "Top-10 Datastore Disk Space Utilization G.B",
            "type": "ParetoAnalysis"
         },
         {
            "collapsed": false,
            "config": {
               "additionalColumns": [],
               "additionalColumns_resource": [],
               "barsCount": 10,
               "depth": 10,
               "filterMode": "tagFilter",
               "filterOldMetrics": {"filterOldMetrics": false},
               "metricOption": {
                  "metricInfo": {
                     "path": ["/source/GROUP_cost/cost|totalCost"],
                     "value": "cost|totalCost"
                  },
                  "resourceKindId": ["resourceKind:id:0_::_"],
                  "tagFilter": null,
                  "value": {"metricOption": "metricsHighestUtilization"}
               },
               "mode": "metric",
               "refreshContent": {"refreshContent": false},
               "refreshInterval": 300,
               "regenerationTime": 15,
               "roundDecimals": 1,
               "selfProvider": {"selfProvider": true},
               "tagOption": {
                  "tagFilter": null,
                  "value": {"tagOption": "leastHealthyApplications"}
               },
               "title": "Top-10 Datastore Monthly Total Cost"
            },
            "gridsterCoords": {
               "h": 9,
               "w": 4,
               "x": 9,
               "y": 1
            },
            "height": 495,
            "id": "311d4d5e-4a5c-4b37-98fb-72ca4f5a2aff",
            "states": [{
               "key": "perm_toolbarVisible_widget_3bae4365-736b-48cb-b8d0-8bf19567252f_311d4d5e-4a5c-4b37-98fb-72ca4f5a2aff",
               "value": "b%3A1"
            }],
            "title": "Top-10 Datastore Monthly Total Cost",
            "type": "ParetoAnalysis"
         },
         {
            "collapsed": false,
            "config": {
               "configs": [{
                  "attributeKind": {"value": ""},
                  "color": {"thresholds": {
                     "colors": [
                        "#00ff00",
                        "#888800",
                        "#ff0000"
                     ],
                     "values": [
                        0,
                        50,
                        100
                     ]
                  }},
                  "colorBy": {
                     "metricKey": "datastore|totalLatency_average",
                     "value": "Datastore|Total Latency (ms)"
                  },
                  "focusOnGroups": true,
                  "groupBy": {
                     "id": "004null002006VMWAREStoragePod",
                     "originalText": "Datastore Cluster",
                     "parentId": "VMWARE",
                     "parentText": "vCenter Adapter",
                     "text": "Datastore Cluster",
                     "type": "resourceKind",
                     "typeId": "resourceKind:id:1_::_"
                  },
                  "id": "extModel5672-1",
                  "mode": {"mode": false},
                  "name": "datastore Used Space X Total Latancey",
                  "relationalGrouping": false,
                  "resourceKind": "resourceKind:id:0_::_",
                  "sizeBy": {
                     "metricKey": "capacity|used_space",
                     "value": "Capacity|Used Space (GB)"
                  },
                  "solidColoring": false,
                  "tagFilter": null,
                  "thenBy": null
               }],
               "refreshContent": {"refreshContent": false},
               "refreshInterval": 300,
               "title": "Datastore Used Space X Total Latancey",
               "value": 0
            },
            "gridsterCoords": {
               "h": 6,
               "w": 4,
               "x": 1,
               "y": 10
            },
            "height": 324,
            "id": "db59900a-ee5b-4f1d-8a09-6adbdb0953c4",
            "states": [{
               "key": "perm_HeatMap_widget_3bae4365-736b-48cb-b8d0-8bf19567252f_db59900a-ee5b-4f1d-8a09-6adbdb0953c4",
               "value": "o%3A"
            }],
            "title": "Datastore Used Space X Total Latancey",
            "type": "Heatmap"
         },
         {
            "collapsed": false,
            "config": {
               "boxColumns": 2,
               "boxHeight": null,
               "labelSize": 12,
               "maxCellCount": 100,
               "metric": {
                  "mode": "resourceKind",
                  "resourceKindMetrics": [],
                  "resourceMetrics": []
               },
               "mode": {"layoutMode": "fixedView"},
               "periodLength": null,
               "refreshContent": {"refreshContent": false},
               "refreshInterval": 300,
               "relationshipMode": 0,
               "resInteractionMode": "Datastore-Capacity",
               "roundDecimals": null,
               "selfProvider": {"selfProvider": false},
               "showDT": {"showDT": true},
               "showMetricName": {"showMetricName": true},
               "showMetricUnit": {"showMetricUnit": true},
               "showResourceName": {"showResourceName": false},
               "showSparkline": {"showSparkline": false},
               "title": "Datastore Performance",
               "valueSize": 24,
               "visualTheme": 1
            },
            "gridsterCoords": {
               "h": 6,
               "w": 4,
               "x": 5,
               "y": 10
            },
            "height": 324,
            "id": "5117f12b-8580-4631-b45b-4ab2468c2293",
            "title": "Datastore Performance",
            "type": "Scoreboard"
         },
         {
            "collapsed": false,
            "config": {
               "columnSequence": {"columnSequence": "graphFirst"},
               "metric": {
                  "mode": "resource",
                  "resourceKindMetrics": [],
                  "resourceMetrics": []
               },
               "refreshContent": {"refreshContent": false},
               "refreshInterval": 300,
               "resInteractionMode": "Cluster-Performance",
               "selfProvider": {"selfProvider": false},
               "showDT": {"showDT": true},
               "showResourceName": {"showObjectName": false},
               "title": "Datastore Key Metrics"
            },
            "gridsterCoords": {
               "h": 6,
               "w": 4,
               "x": 9,
               "y": 10
            },
            "height": 324,
            "id": "c30abd1b-79dc-42c9-8098-2139c515fce6",
            "states": [{
               "key": "permDateRange_widget_3bae4365-736b-48cb-b8d0-8bf19567252f_c30abd1b-79dc-42c9-8098-2139c515fce6",
               "value": "s%3A%7B%22dateRange%22%3A%22last6Hour%22%2C%22dateFrom%22%3Anull%2C%22dateTo%22%3Anull%2C%22timeFrom%22%3Anull%2C%22timeTo%22%3Anull%7D"
            }],
            "title": "Datastore Key Metrics",
            "type": "SparklineChart"
         }
      ]
   }],
   "entries": {"resourceKind": [
      {
         "adapterKindKey": "VMWARE",
         "internalId": "resourceKind:id:1_::_",
         "resourceKindKey": "StoragePod"
      },
      {
         "adapterKindKey": "VMWARE",
         "internalId": "resourceKind:id:0_::_",
         "resourceKindKey": "Datastore"
      }
   ]},
   "uuid": "f30caa24-8101-4fe6-88c3-0489b4da604d"
}