{
   "dashboards": [{
      "autoswitchEnabled": false,
      "columnCount": 1,
      "columnProportion": "1",
      "creationTime": 1541614669305,
      "description": "VM Network Top Performance",
      "disabled": false,
      "gridsterMaxColumns": 12,
      "hidden": false,
      "homeTab": false,
      "id": "0f3d7e77-2aff-4349-83df-ae3d06b7ba9f",
      "importAttempts": 0,
      "importComplete": true,
      "isDefault": false,
      "locked": false,
      "name": "Operations Performance/VM Network Top Performance",
      "namePath": "Operations Performance",
      "rank": 83,
      "shared": false,
      "temporary": false,
      "userId": "d78b75ee-4faa-4f03-aa33-e716b473105a",
      "widgets": [
         {
            "collapsed": false,
            "config": {
               "additionalColumns": [],
               "additionalColumns_resource": [],
               "barsCount": 10,
               "depth": 10,
               "filterMode": "tagFilter",
               "filterOldMetrics": {"filterOldMetrics": false},
               "metricOption": {
                  "metricInfo": {
                     "path": ["/source/GROUP_net/net|received_average"],
                     "value": "net|received_average"
                  },
                  "resourceKindId": ["resourceKind:id:0_::_"],
                  "tagFilter": null,
                  "value": {"metricOption": "metricsHighestUtilization"}
               },
               "mode": "metric",
               "refreshContent": {"refreshContent": false},
               "refreshInterval": 300,
               "regenerationTime": 15,
               "roundDecimals": 1,
               "selfProvider": {"selfProvider": true},
               "tagOption": {
                  "tagFilter": null,
                  "value": {"tagOption": "leastHealthyApplications"}
               },
               "title": "Top-10 VM Network Data Receive (KBps)"
            },
            "gridsterCoords": {
               "h": 8,
               "w": 4,
               "x": 1,
               "y": 1
            },
            "height": 438,
            "id": "9ab92dd6-f478-44c5-97a0-28e1c6b0d0e5",
            "title": "Top-10 VM Network Data Receive (KBps)",
            "type": "ParetoAnalysis"
         },
         {
            "collapsed": false,
            "config": {
               "additionalColumns": [],
               "additionalColumns_resource": [],
               "barsCount": 10,
               "depth": 10,
               "filterMode": "tagFilter",
               "filterOldMetrics": {"filterOldMetrics": false},
               "metricOption": {
                  "metricInfo": {
                     "path": ["/source/GROUP_net/net|transmitted_average"],
                     "value": "net|transmitted_average"
                  },
                  "resourceKindId": ["resourceKind:id:0_::_"],
                  "tagFilter": null,
                  "value": {"metricOption": "metricsHighestUtilization"}
               },
               "mode": "metric",
               "refreshContent": {"refreshContent": false},
               "refreshInterval": 300,
               "regenerationTime": 15,
               "roundDecimals": 1,
               "selfProvider": {"selfProvider": true},
               "tagOption": {
                  "tagFilter": null,
                  "value": {"tagOption": "leastHealthyApplications"}
               },
               "title": "Top-10 VM Network Data Transmit (KBps)"
            },
            "gridsterCoords": {
               "h": 8,
               "w": 4,
               "x": 5,
               "y": 1
            },
            "height": 438,
            "id": "c35c9f2d-aa7f-41c4-af5d-2437e404e13e",
            "title": "Top-10 VM Network Data Transmit (KBps)",
            "type": "ParetoAnalysis"
         },
         {
            "collapsed": false,
            "config": {
               "additionalColumns": [],
               "additionalColumns_resource": [],
               "barsCount": 10,
               "depth": 10,
               "filterMode": "tagFilter",
               "filterOldMetrics": {"filterOldMetrics": false},
               "metricOption": {
                  "metricInfo": {
                     "path": ["/source/GROUP_net/net|droppedTx_summation"],
                     "value": "net|droppedTx_summation"
                  },
                  "resourceKindId": ["resourceKind:id:0_::_"],
                  "tagFilter": null,
                  "value": {"metricOption": "metricsHighestUtilization"}
               },
               "mode": "metric",
               "refreshContent": {"refreshContent": false},
               "refreshInterval": 300,
               "regenerationTime": 15,
               "roundDecimals": 1,
               "selfProvider": {"selfProvider": true},
               "tagOption": {
                  "tagFilter": null,
                  "value": {"tagOption": "leastHealthyApplications"}
               },
               "title": "Top-10 Network Transmitted Packets Dropped"
            },
            "gridsterCoords": {
               "h": 6,
               "w": 4,
               "x": 1,
               "y": 9
            },
            "height": 324,
            "id": "949a30dd-92b9-4ea9-9bd6-4306836878a6",
            "title": "Top-10 Network Transmitted Packets Dropped",
            "type": "ParetoAnalysis"
         },
         {
            "collapsed": false,
            "config": {
               "additionalColumns": [],
               "additionalColumns_resource": [],
               "barsCount": 10,
               "depth": 10,
               "filterMode": "tagFilter",
               "filterOldMetrics": {"filterOldMetrics": false},
               "metricOption": {
                  "metricInfo": {
                     "path": ["/source/GROUP_net/GROUP_net:Aggregate of all instances/net:Aggregate of all instances|droppedPct"],
                     "value": "net:Aggregate of all instances|droppedPct"
                  },
                  "resourceKindId": ["resourceKind:id:0_::_"],
                  "tagFilter": null,
                  "value": {"metricOption": "metricsHighestUtilization"}
               },
               "mode": "metric",
               "refreshContent": {"refreshContent": false},
               "refreshInterval": 300,
               "regenerationTime": 15,
               "roundDecimals": 1,
               "selfProvider": {"selfProvider": true},
               "tagOption": {
                  "tagFilter": null,
                  "value": {"tagOption": "leastHealthyApplications"}
               },
               "title": "Top-10 VM Network Packets Drop %"
            },
            "gridsterCoords": {
               "h": 8,
               "w": 4,
               "x": 9,
               "y": 1
            },
            "height": 438,
            "id": "046ea15b-68f1-465b-815e-c1dcef41e872",
            "title": "Top-10 VM Network Packets Drop %",
            "type": "ParetoAnalysis"
         },
         {
            "collapsed": false,
            "config": {
               "configs": [{
                  "attributeKind": {"value": ""},
                  "color": {"thresholds": {
                     "colors": [
                        "#00ff00",
                        "#888800",
                        "#ff0000"
                     ],
                     "values": [
                        0,
                        50,
                        100
                     ]
                  }},
                  "colorBy": {
                     "metricKey": "net|transmitted_average",
                     "value": "Network|Data Transmit Rate (KBps)"
                  },
                  "focusOnGroups": true,
                  "groupBy": {
                     "id": "004null002006VMWAREVMwareAdapter Instance",
                     "originalText": "vCenter Server",
                     "parentId": "VMWARE",
                     "parentText": "vCenter Adapter",
                     "text": "vCenter Server",
                     "type": "resourceKind",
                     "typeId": "resourceKind:id:1_::_"
                  },
                  "mode": {"mode": false},
                  "name": "Virtual Machine Network Performance",
                  "relationalGrouping": false,
                  "resourceKind": "resourceKind:id:0_::_",
                  "sizeBy": {
                     "metricKey": "net|received_average",
                     "value": "Network|Data Receive Rate (KBps)"
                  },
                  "solidColoring": false,
                  "tagFilter": null,
                  "thenBy": null
               }],
               "refreshContent": {"refreshContent": false},
               "refreshInterval": 300,
               "title": "Virtual machine Network Performance",
               "value": 0
            },
            "gridsterCoords": {
               "h": 7,
               "w": 8,
               "x": 5,
               "y": 9
            },
            "height": 381,
            "id": "1f7dc7fb-06bb-4f05-876e-26095a7eb905",
            "states": [{
               "key": "perm_HeatMap_widget_0f3d7e77-2aff-4349-83df-ae3d06b7ba9f_1f7dc7fb-06bb-4f05-876e-26095a7eb905",
               "value": "o%3A"
            }],
            "title": "Virtual machine Network Performance",
            "type": "Heatmap"
         }
      ]
   }],
   "entries": {"resourceKind": [
      {
         "adapterKindKey": "VMWARE",
         "internalId": "resourceKind:id:1_::_",
         "resourceKindKey": "VMwareAdapter Instance"
      },
      {
         "adapterKindKey": "VMWARE",
         "internalId": "resourceKind:id:0_::_",
         "resourceKindKey": "VirtualMachine"
      }
   ]},
   "uuid": "f2cf5f74-86da-4e0c-a04d-b1158d69061f"
}